{"sum": 272994.0, "avr": 564.0371900826447, "sumMD": 13479.0, "avrMD": 612.6818181818181, "sumSD": 14138.0, "avrSD": 642.6363636363636, "max": 997.0, "min": 100.0}